phase,mode,architecture,seed,qubits,optimizer,final,best,evals
phase2,ideal,baseline,10,16,cobyla,-0.9999963628548917,-0.9999963628548917,6000
phase2,ideal,baseline,10,16,qnspsa,-0.9533089754888537,-0.9999627738017479,1692
phase2,ideal,baseline,10,4,cobyla,-0.9999999965431682,-0.999999999923726,243
phase2,ideal,baseline,10,4,qnspsa,-0.9805072679154556,-0.999192265141531,300
phase2,ideal,baseline,10,8,cobyla,-0.9999810112820711,-0.999981032053046,2400
phase2,ideal,baseline,10,8,qnspsa,-0.9753264561752529,-0.9975584090194944,711
phase2,ideal,baseline,20,16,cobyla,-0.9999999991170935,-0.9999999999781141,2340
phase2,ideal,baseline,20,16,qnspsa,-0.9779075609200922,-0.9997843592548075,1692
phase2,ideal,baseline,20,4,cobyla,-0.9999999980652428,-0.9999999997020976,253
phase2,ideal,baseline,20,4,qnspsa,-0.9927645650026089,-0.9927645650026089,300
phase2,ideal,baseline,20,8,cobyla,-0.9999966060286787,-0.9999966060286787,2400
phase2,ideal,baseline,20,8,qnspsa,-0.9878212585611722,-0.9889487967639233,711
phase2,ideal,baseline,30,16,cobyla,-0.9999999968446532,-0.9999999969790244,6000
phase2,ideal,baseline,30,16,qnspsa,-0.9119396977125114,-0.9655349099238181,1692
phase2,ideal,baseline,30,4,cobyla,-0.999999998364927,-0.9999999998023329,263
phase2,ideal,baseline,30,4,qnspsa,-0.8899523804543401,-0.9814783903456119,300
phase2,ideal,baseline,30,8,cobyla,-0.9999999980588978,-0.9999999985103406,1531
phase2,ideal,baseline,30,8,qnspsa,-0.9715282849815312,-0.9999841012748825,711
phase2,ideal,baseline,40,16,cobyla,-0.9999999537206621,-0.9999999537819627,6000
phase2,ideal,baseline,40,16,qnspsa,-0.9668470706706083,-0.9999673606707982,1692
phase2,ideal,baseline,40,4,cobyla,-0.9999999973204328,-0.9999999986501663,300
phase2,ideal,baseline,40,4,qnspsa,-0.9611056676109375,-0.9611056676109375,300
phase2,ideal,baseline,40,8,cobyla,-0.9999999983725795,-0.9999999990149667,1067
phase2,ideal,baseline,40,8,qnspsa,-0.8646729023431029,-0.9833942951073474,711
phase2,ideal,baseline,50,16,cobyla,-0.9999999998929348,-0.9999999999783107,2271
phase2,ideal,baseline,50,16,qnspsa,-0.9589534210629643,-0.999986673383886,1692
phase2,ideal,baseline,50,4,cobyla,-0.9999965389654206,-0.9999965389654206,900
phase2,ideal,baseline,50,4,qnspsa,-0.9903966081024034,-0.9959101742068499,300
phase2,ideal,baseline,50,8,cobyla,-0.9999999759739334,-0.9999999774420277,2400
phase2,ideal,baseline,50,8,qnspsa,-0.9585131496360018,-0.9997363104733301,711
phase2,shot-noise,baseline,10,16,cobyla,-0.7777777777777778,-0.9797979797979798,1462
phase2,shot-noise,baseline,10,16,qnspsa,-0.9595959595959596,-1.0,1692
phase2,shot-noise,baseline,10,4,cobyla,-0.9797979797979798,-1.0,183
phase2,shot-noise,baseline,10,4,qnspsa,-0.8383838383838383,-1.0,300
phase2,shot-noise,baseline,10,8,cobyla,-0.9595959595959596,-1.0,493
phase2,shot-noise,baseline,10,8,qnspsa,-0.9393939393939394,-1.0,711
phase2,shot-noise,baseline,20,16,cobyla,-0.8585858585858586,-1.0,1417
phase2,shot-noise,baseline,20,16,qnspsa,-0.7575757575757576,-1.0,1692
phase2,shot-noise,baseline,20,4,cobyla,-0.9797979797979798,-1.0,213
phase2,shot-noise,baseline,20,4,qnspsa,-0.9191919191919192,-1.0,300
phase2,shot-noise,baseline,20,8,cobyla,-1.0,-1.0,535
phase2,shot-noise,baseline,20,8,qnspsa,-0.9393939393939394,-1.0,711
phase2,shot-noise,baseline,30,16,cobyla,-0.9595959595959596,-1.0,1411
phase2,shot-noise,baseline,30,16,qnspsa,-0.8787878787878788,-1.0,1692
phase2,shot-noise,baseline,30,4,cobyla,-0.9191919191919192,-1.0,241
phase2,shot-noise,baseline,30,4,qnspsa,-0.7171717171717171,-0.9797979797979798,300
phase2,shot-noise,baseline,30,8,cobyla,-0.9393939393939394,-1.0,548
phase2,shot-noise,baseline,30,8,qnspsa,-0.9191919191919192,-1.0,711
phase2,shot-noise,baseline,40,16,cobyla,-0.9393939393939394,-1.0,1443
phase2,shot-noise,baseline,40,16,qnspsa,-0.7373737373737373,-1.0,1692
phase2,shot-noise,baseline,40,4,cobyla,-0.8383838383838383,-0.9797979797979798,197
phase2,shot-noise,baseline,40,4,qnspsa,-0.9191919191919192,-1.0,300
phase2,shot-noise,baseline,40,8,cobyla,-0.6161616161616161,-0.8585858585858586,544
phase2,shot-noise,baseline,40,8,qnspsa,-1.0,-1.0,711
phase2,shot-noise,baseline,50,16,cobyla,-0.7777777777777778,-0.9595959595959596,1359
phase2,shot-noise,baseline,50,16,qnspsa,-0.6161616161616161,-0.9191919191919192,1692
phase2,shot-noise,baseline,50,4,cobyla,-0.8787878787878788,-0.9393939393939394,201
phase2,shot-noise,baseline,50,4,qnspsa,-0.9595959595959596,-1.0,300
phase2,shot-noise,baseline,50,8,cobyla,-0.8787878787878788,-1.0,516
phase2,shot-noise,baseline,50,8,qnspsa,-0.9595959595959596,-1.0,711
phase2,ideal,qcnn,10,16,cobyla,-0.9999999983488232,-1.000000000000006,1143
phase2,ideal,qcnn,10,16,qnspsa,-0.9939224220485734,-1.0000000000000095,1161
phase2,ideal,qcnn,10,4,cobyla,-0.9999999966306607,-0.9999999999999931,177
phase2,ideal,qcnn,10,4,qnspsa,-0.9911113980221123,-0.9999999999999843,240
phase2,ideal,qcnn,10,8,cobyla,-0.9999999954039677,-0.9999999999999999,622
phase2,ideal,qcnn,10,8,qnspsa,-0.9927784995874959,-1.000000000000001,537
phase2,ideal,qcnn,20,16,cobyla,-0.9999999986069217,-1.0000000000000038,1321
phase2,ideal,qcnn,20,16,qnspsa,-0.9939224267276994,-1.000000000000009,1161
phase2,ideal,qcnn,20,4,cobyla,-0.9999999953423206,-0.9999999999999891,173
phase2,ideal,qcnn,20,4,qnspsa,-0.9911085103519075,-0.999999999760588,240
phase2,ideal,qcnn,20,8,cobyla,-0.9999999962994658,-0.9999999999999972,498
phase2,ideal,qcnn,20,8,qnspsa,-0.9927785001468039,-1.000000000000001,537
phase2,ideal,qcnn,30,16,cobyla,-0.9999999952855012,-1.000000000000006,1116
phase2,ideal,qcnn,30,16,qnspsa,-0.9939224216263292,-1.0000000000000102,1161
phase2,ideal,qcnn,30,4,cobyla,-0.9999999984850341,-0.9999999999999989,200
phase2,ideal,qcnn,30,4,qnspsa,-0.9911262725598513,-0.9999999937639542,240
phase2,ideal,qcnn,30,8,cobyla,-0.9999999973612125,-1.0000000000000002,454
phase2,ideal,qcnn,30,8,qnspsa,-0.9927784999034647,-1.0000000000000013,537
phase2,ideal,qcnn,40,16,cobyla,-0.9999999978820232,-1.0000000000000062,1219
phase2,ideal,qcnn,40,16,qnspsa,-0.9939224231402827,-1.0000000000000095,1161
phase2,ideal,qcnn,40,4,cobyla,-0.9999999995256559,-0.999999999797244,161
phase2,ideal,qcnn,40,4,qnspsa,-0.9923159632318719,-0.9999559855199673,240
phase2,ideal,qcnn,40,8,cobyla,-0.9999999971665885,-1.0000000000000007,486
phase2,ideal,qcnn,40,8,qnspsa,-0.9927784984597434,-1.0000000000000007,537
phase2,ideal,qcnn,50,16,cobyla,-0.999999997454064,-1.0000000000000036,1202
phase2,ideal,qcnn,50,16,qnspsa,-0.9939224236527783,-1.0000000000000098,1161
phase2,ideal,qcnn,50,4,cobyla,-0.9999999970798689,-0.9999999999999996,167
phase2,ideal,qcnn,50,4,qnspsa,-0.990899184464775,-0.9999992761295036,240
phase2,ideal,qcnn,50,8,cobyla,-0.9999999955326585,-1.0,474
phase2,ideal,qcnn,50,8,qnspsa,-0.9927785010653623,-1.000000000000001,537
phase2,shot-noise,qcnn,10,16,cobyla,-1.0,-1.0,560
phase2,shot-noise,qcnn,10,16,qnspsa,-0.9797979797979798,-1.0,1161
phase2,shot-noise,qcnn,10,4,cobyla,-1.0,-1.0,146
phase2,shot-noise,qcnn,10,4,qnspsa,-1.0,-1.0,240
phase2,shot-noise,qcnn,10,8,cobyla,-1.0,-1.0,394
phase2,shot-noise,qcnn,10,8,qnspsa,-1.0,-1.0,537
phase2,shot-noise,qcnn,20,16,cobyla,0.47474747474747475,0.15151515151515152,759
phase2,shot-noise,qcnn,20,16,qnspsa,-1.0,-1.0,1161
phase2,shot-noise,qcnn,20,4,cobyla,-1.0,-1.0,128
phase2,shot-noise,qcnn,20,4,qnspsa,-0.9797979797979798,-1.0,240
phase2,shot-noise,qcnn,20,8,cobyla,-1.0,-1.0,418
phase2,shot-noise,qcnn,20,8,qnspsa,-1.0,-1.0,537
phase2,shot-noise,qcnn,30,16,cobyla,-0.9393939393939394,-1.0,963
phase2,shot-noise,qcnn,30,16,qnspsa,-1.0,-1.0,1161
phase2,shot-noise,qcnn,30,4,cobyla,-1.0,-1.0,168
phase2,shot-noise,qcnn,30,4,qnspsa,-0.9797979797979798,-1.0,240
phase2,shot-noise,qcnn,30,8,cobyla,0.6363636363636364,0.3939393939393939,354
phase2,shot-noise,qcnn,30,8,qnspsa,-1.0,-1.0,537
phase2,shot-noise,qcnn,40,16,cobyla,-1.0,-1.0,554
phase2,shot-noise,qcnn,40,16,qnspsa,-1.0,-1.0,1161
phase2,shot-noise,qcnn,40,4,cobyla,-0.9595959595959596,-1.0,161
phase2,shot-noise,qcnn,40,4,qnspsa,-1.0,-1.0,240
phase2,shot-noise,qcnn,40,8,cobyla,-0.9595959595959596,-1.0,407
phase2,shot-noise,qcnn,40,8,qnspsa,-0.9797979797979798,-1.0,537
phase2,shot-noise,qcnn,50,16,cobyla,0.7373737373737373,0.3939393939393939,821
phase2,shot-noise,qcnn,50,16,qnspsa,-1.0,-1.0,1161
phase2,shot-noise,qcnn,50,4,cobyla,-0.8787878787878788,-1.0,131
phase2,shot-noise,qcnn,50,4,qnspsa,-1.0,-1.0,240
phase2,shot-noise,qcnn,50,8,cobyla,-0.9797979797979798,-1.0,404
phase2,shot-noise,qcnn,50,8,qnspsa,-0.9797979797979798,-1.0,537
phase2,ideal,resqnet,10,16,cobyla,-0.9999999963297729,-0.999999997268282,8400
phase2,ideal,resqnet,10,16,qnspsa,-0.755272413133804,-0.8885778421748916,2346
phase2,ideal,resqnet,10,4,cobyla,-0.9999999923048021,-0.9999999954875468,1348
phase2,ideal,resqnet,10,4,qnspsa,-0.645083260906144,-0.8438792769652668,628
phase2,ideal,resqnet,10,8,cobyla,-0.9999995699691828,-0.9999995709900316,4200
phase2,ideal,resqnet,10,8,qnspsa,-0.5950203875728322,-0.7241907678765634,1200
phase2,ideal,resqnet,20,16,cobyla,-0.9999891617918392,-0.9999891780552628,8400
phase2,ideal,resqnet,20,16,qnspsa,-0.6650465944329292,-0.8289155501969065,2346
phase2,ideal,resqnet,20,4,cobyla,-0.9999938282132721,-0.9999938282132721,2100
phase2,ideal,resqnet,20,4,qnspsa,-0.25758521959176117,-0.8729971247554525,628
phase2,ideal,resqnet,20,8,cobyla,-0.9989211214485693,-0.9989211214485693,4200
phase2,ideal,resqnet,20,8,qnspsa,-0.5006402973208035,-0.7287077200847204,1200
phase2,ideal,resqnet,30,16,cobyla,-0.9997273502039628,-0.9997289201087896,8400
phase2,ideal,resqnet,30,16,qnspsa,-0.7690192925310174,-0.923751901368378,2346
phase2,ideal,resqnet,30,4,cobyla,-0.9999999950508541,-0.9999999991957615,863
phase2,ideal,resqnet,30,4,qnspsa,-0.5718902030333846,-0.9034921531559251,628
phase2,ideal,resqnet,30,8,cobyla,-0.9997688415087939,-0.9997688415087939,4200
phase2,ideal,resqnet,30,8,qnspsa,-0.5622925180898831,-0.7880953926490515,1200
phase2,ideal,resqnet,40,16,cobyla,-0.9999879437373888,-0.9999879437373888,8400
phase2,ideal,resqnet,40,16,qnspsa,-0.6208820567187944,-0.7350357808874687,2346
phase2,ideal,resqnet,40,4,cobyla,-0.9999999951356955,-0.9999999984843798,1144
phase2,ideal,resqnet,40,4,qnspsa,-0.9234695961813987,-0.959281979168748,628
phase2,ideal,resqnet,40,8,cobyla,-0.9999461883373376,-0.9999462754006937,4200
phase2,ideal,resqnet,40,8,qnspsa,-0.7560454646926981,-0.826261064654815,1200
phase2,ideal,resqnet,50,16,cobyla,-0.9999999975888282,-0.9999999976867577,8400
phase2,ideal,resqnet,50,16,qnspsa,-0.8445073643744878,-0.9347446248633885,2346
phase2,ideal,resqnet,50,4,cobyla,-0.9999583376307176,-0.9999585777827547,2100
phase2,ideal,resqnet,50,4,qnspsa,-0.37378239366492527,-0.8966224461869793,628
phase2,ideal,resqnet,50,8,cobyla,-0.9998723461835319,-0.9998723461835319,4200
phase2,ideal,resqnet,50,8,qnspsa,-0.6126967997444658,-0.7353286184697394,1200
phase2,shot-noise,resqnet,10,16,cobyla,-0.47474747474747475,-0.7575757575757576,1761
phase2,shot-noise,resqnet,10,16,qnspsa,-0.45454545454545453,-0.898989898989899,2346
phase2,shot-noise,resqnet,10,4,cobyla,-0.898989898989899,-1.0,479
phase2,shot-noise,resqnet,10,4,qnspsa,-0.13131313131313133,-0.8383838383838383,628
phase2,shot-noise,resqnet,10,8,cobyla,0.13131313131313133,-0.29292929292929293,841
phase2,shot-noise,resqnet,10,8,qnspsa,-0.21212121212121213,-0.5555555555555556,1200
phase2,shot-noise,resqnet,20,16,cobyla,-0.8585858585858586,-0.9797979797979798,2133
phase2,shot-noise,resqnet,20,16,qnspsa,-0.6363636363636364,-0.8787878787878788,2346
phase2,shot-noise,resqnet,20,4,cobyla,-0.6161616161616161,-0.8181818181818182,409
phase2,shot-noise,resqnet,20,4,qnspsa,-0.43434343434343436,-0.9595959595959596,628
phase2,shot-noise,resqnet,20,8,cobyla,0.030303030303030304,-0.23232323232323232,850
phase2,shot-noise,resqnet,20,8,qnspsa,-0.010101010101010102,-0.5757575757575758,1200
phase2,shot-noise,resqnet,30,16,cobyla,0.050505050505050504,-0.41414141414141414,2010
phase2,shot-noise,resqnet,30,16,qnspsa,-0.35353535353535354,-0.7171717171717171,2346
phase2,shot-noise,resqnet,30,4,cobyla,-0.7575757575757576,-0.9191919191919192,427
phase2,shot-noise,resqnet,30,4,qnspsa,-0.6363636363636364,-0.9191919191919192,628
phase2,shot-noise,resqnet,30,8,cobyla,0.0707070707070707,-0.2727272727272727,773
phase2,shot-noise,resqnet,30,8,qnspsa,-0.15151515151515152,-0.6767676767676768,1200
phase2,shot-noise,resqnet,40,16,cobyla,0.050505050505050504,-0.29292929292929293,2008
phase2,shot-noise,resqnet,40,16,qnspsa,-0.7373737373737373,-0.9191919191919192,2346
phase2,shot-noise,resqnet,40,4,cobyla,-0.494949494949495,-0.8181818181818182,398
phase2,shot-noise,resqnet,40,4,qnspsa,-0.050505050505050504,-0.9797979797979798,628
phase2,shot-noise,resqnet,40,8,cobyla,-0.09090909090909091,-0.31313131313131315,847
phase2,shot-noise,resqnet,40,8,qnspsa,-0.31313131313131315,-0.7373737373737373,1200
phase2,shot-noise,resqnet,50,16,cobyla,-0.5151515151515151,-0.7777777777777778,1961
phase2,shot-noise,resqnet,50,16,qnspsa,-0.3939393939393939,-0.8787878787878788,2346
phase2,shot-noise,resqnet,50,4,cobyla,-0.7373737373737373,-0.8585858585858586,392
phase2,shot-noise,resqnet,50,4,qnspsa,-0.09090909090909091,-0.898989898989899,628
phase2,shot-noise,resqnet,50,8,cobyla,-0.0707070707070707,-0.37373737373737376,890
phase2,shot-noise,resqnet,50,8,qnspsa,-0.3333333333333333,-0.8181818181818182,1200
phase3,ideal,baseline,10,16,nft,-0.9999997095801328,-0.9999997095801341,6000
phase3,ideal,baseline,10,4,nft,-0.9999999999987008,-0.9999999999987008,900
phase3,ideal,baseline,10,8,nft,-0.9999999999999999,-1.0000000000000013,2400
phase3,ideal,baseline,20,16,nft,-0.9999999999999918,-1.000000000000012,6000
phase3,ideal,baseline,20,4,nft,-1.0000000000000007,-1.0000000000000009,900
phase3,ideal,baseline,20,8,nft,-0.999999385995563,-0.9999993859955634,2400
phase3,ideal,baseline,30,16,nft,-0.9999999999999964,-1.0000000000000056,6000
phase3,ideal,baseline,30,4,nft,-1.000000000000001,-1.0000000000000013,900
phase3,ideal,baseline,30,8,nft,-0.9999999999999993,-1.0000000000000013,2400
phase3,ideal,baseline,40,16,nft,-0.9999999999999981,-1.00000000000001,6000
phase3,ideal,baseline,40,4,nft,-1.0000000000000004,-1.000000000000001,900
phase3,ideal,baseline,40,8,nft,-1.000000000000001,-1.0000000000000016,2400
phase3,ideal,baseline,50,16,nft,-1.0000000000000004,-1.0000000000000107,6000
phase3,ideal,baseline,50,4,nft,-1.0,-1.000000000000001,900
phase3,ideal,baseline,50,8,nft,-0.9999999999999996,-1.0000000000000004,2400
phase3,shot-noise,baseline,10,16,nft,-1.0,-1.0,6000
phase3,shot-noise,baseline,10,4,nft,-1.0,-1.0,900
phase3,shot-noise,baseline,10,8,nft,-1.0,-1.0,2400
phase3,shot-noise,baseline,20,16,nft,-0.9797979797979798,-1.0,6000
phase3,shot-noise,baseline,20,4,nft,-0.9797979797979798,-1.0,900
phase3,shot-noise,baseline,20,8,nft,-1.0,-1.0,2400
phase3,shot-noise,baseline,30,16,nft,-0.9595959595959596,-1.0,6000
phase3,shot-noise,baseline,30,4,nft,-1.0,-1.0,900
phase3,shot-noise,baseline,30,8,nft,-1.0,-1.0,2400
phase3,shot-noise,baseline,40,16,nft,-0.9797979797979798,-1.0,6000
phase3,shot-noise,baseline,40,4,nft,-0.9797979797979798,-1.0,900
phase3,shot-noise,baseline,40,8,nft,-1.0,-1.0,2400
phase3,shot-noise,baseline,50,16,nft,-1.0,-1.0,6000
phase3,shot-noise,baseline,50,4,nft,-1.0,-1.0,900
phase3,shot-noise,baseline,50,8,nft,-1.0,-1.0,2400
phase3,ideal,qcnn,10,16,nft,-0.9999999999999981,-1.0000000000000127,4050
phase3,ideal,qcnn,10,4,nft,-1.0000000000000002,-1.0000000000000009,675
phase3,ideal,qcnn,10,8,nft,-0.9999999999999999,-1.0000000000000013,1762
phase3,ideal,qcnn,20,16,nft,-1.0000000000000013,-1.0000000000000115,4050
phase3,ideal,qcnn,20,4,nft,-1.0,-1.000000000000001,675
phase3,ideal,qcnn,20,8,nft,-1.0000000000000004,-1.000000000000001,1762
phase3,ideal,qcnn,30,16,nft,-0.9999999999999978,-1.000000000000013,4050
phase3,ideal,qcnn,30,4,nft,-1.0000000000000002,-1.0000000000000013,675
phase3,ideal,qcnn,30,8,nft,-1.0000000000000007,-1.0000000000000018,1762
phase3,ideal,qcnn,40,16,nft,-0.9999999999999978,-1.000000000000011,4050
phase3,ideal,qcnn,40,4,nft,-1.0,-1.0000000000000013,675
phase3,ideal,qcnn,40,8,nft,-1.0,-1.0000000000000018,1762
phase3,ideal,qcnn,50,16,nft,-0.9999999999999956,-1.0000000000000138,4050
phase3,ideal,qcnn,50,4,nft,-0.9999999999999996,-1.0000000000000009,675
phase3,ideal,qcnn,50,8,nft,-0.9999999999999994,-1.000000000000002,1762
phase3,shot-noise,qcnn,10,16,nft,-1.0,-1.0,4050
phase3,shot-noise,qcnn,10,4,nft,-1.0,-1.0,675
phase3,shot-noise,qcnn,10,8,nft,-1.0,-1.0,1762
phase3,shot-noise,qcnn,20,16,nft,-1.0,-1.0,4050
phase3,shot-noise,qcnn,20,4,nft,-1.0,-1.0,675
phase3,shot-noise,qcnn,20,8,nft,-1.0,-1.0,1762
phase3,shot-noise,qcnn,30,16,nft,-1.0,-1.0,4050
phase3,shot-noise,qcnn,30,4,nft,-1.0,-1.0,675
phase3,shot-noise,qcnn,30,8,nft,-1.0,-1.0,1762
phase3,shot-noise,qcnn,40,16,nft,-1.0,-1.0,4050
phase3,shot-noise,qcnn,40,4,nft,-1.0,-1.0,675
phase3,shot-noise,qcnn,40,8,nft,-1.0,-1.0,1762
phase3,shot-noise,qcnn,50,16,nft,-1.0,-1.0,4050
phase3,shot-noise,qcnn,50,4,nft,-1.0,-1.0,675
phase3,shot-noise,qcnn,50,8,nft,-1.0,-1.0,1762
phase3,ideal,resqnet,10,16,nft,-0.9998703199510344,-0.99993668110795,8400
phase3,ideal,resqnet,10,4,nft,-0.5351541807353539,-0.9999773440427807,2100
phase3,ideal,resqnet,10,8,nft,-0.3672844004400673,-0.9992611265169754,4200
phase3,ideal,resqnet,20,16,nft,-0.9997389866045724,-0.9999674440995844,8400
phase3,ideal,resqnet,20,4,nft,-0.4140810799284792,-0.9999919630772396,2100
phase3,ideal,resqnet,20,8,nft,-0.8958016870229772,-0.9998213761811864,4200
phase3,ideal,resqnet,30,16,nft,-0.9999708760642997,-0.9999821106003983,8400
phase3,ideal,resqnet,30,4,nft,-0.7153287781302539,-0.9999952860526875,2100
phase3,ideal,resqnet,30,8,nft,-0.011327871705513207,-0.9998482065878631,4200
phase3,ideal,resqnet,40,16,nft,-0.9999732962364855,-0.999977466921117,8400
phase3,ideal,resqnet,40,4,nft,-0.6342909088804658,-0.99991344067466,2100
phase3,ideal,resqnet,40,8,nft,-0.00735107741068419,-0.9999872858659187,4200
phase3,ideal,resqnet,50,16,nft,-0.9990886698929259,-0.9999868092417552,8400
phase3,ideal,resqnet,50,4,nft,-0.2493946839718874,-0.999996119507935,2100
phase3,ideal,resqnet,50,8,nft,-0.689189122470771,-0.999992902445419,4200
phase3,shot-noise,resqnet,10,16,nft,-0.8181818181818182,-1.0,8400
phase3,shot-noise,resqnet,10,4,nft,-0.5151515151515151,-1.0,2100
phase3,shot-noise,resqnet,10,8,nft,-0.9393939393939394,-1.0,4200
phase3,shot-noise,resqnet,20,16,nft,-0.9797979797979798,-1.0,8400
phase3,shot-noise,resqnet,20,4,nft,-0.31313131313131315,-1.0,2100
phase3,shot-noise,resqnet,20,8,nft,-0.6767676767676768,-1.0,4200
phase3,shot-noise,resqnet,30,16,nft,-0.9797979797979798,-1.0,8400
phase3,shot-noise,resqnet,30,4,nft,-0.797979797979798,-1.0,2100
phase3,shot-noise,resqnet,30,8,nft,-0.29292929292929293,-1.0,4200
phase3,shot-noise,resqnet,40,16,nft,-0.9797979797979798,-1.0,8400
phase3,shot-noise,resqnet,40,4,nft,-0.43434343434343436,-1.0,2100
phase3,shot-noise,resqnet,40,8,nft,-0.9191919191919192,-1.0,4200
phase3,shot-noise,resqnet,50,16,nft,-0.898989898989899,-1.0,8400
phase3,shot-noise,resqnet,50,4,nft,-0.494949494949495,-1.0,2100
phase3,shot-noise,resqnet,50,8,nft,-0.47474747474747475,-1.0,4200
